<?xml version="1.0" encoding="UTF-8"?>
<beans xmlns="http://www.springframework.org/schema/beans"
	xmlns:xsi="http://www.w3.org/2001/XMLSchema-instance"
	xmlns:context="http://www.springframework.org/schema/context"
	xsi:schemaLocation="http://www.springframework.org/schema/beans
		https://www.springframework.org/schema/beans/spring-beans.xsd
		http://www.springframework.org/schema/context
		https://www.springframework.org/schema/context/spring-context.xsd">
	
	<context:component-scan base-package="com.java.railwayStation.controller"></context:component-scan>
	<context:component-scan base-package="com.java.railwaystationdao"></context:component-scan>
	<context:component-scan base-package="com.java.service"></context:component-scan>


	<bean class="org.springframework.orm.hibernate5.LocalSessionFactoryBean" id="sessionFactory">
	
			<property name="configLocation" value="/WEB-INF/hibernate.cfg.xml"></property>
				
	</bean>
	
	
	

</beans>