<?xml version='1.0' encoding='utf-8'?>
<!DOCTYPE hibernate-configuration PUBLIC
        "-//Hibernate/Hibernate Configuration DTD 3.0//EN"
        "http://www.hibernate.org/dtd/hibernate-configuration-3.0.dtd">

<hibernate-configuration>

    <session-factory>

        <!-- Database connection settings -->
        <property name="connection.driver_class">com.mysql.cj.jdbc.Driver</property>
        <property name="connection.url">jdbc:mysql://localhost:3306/railwaystation</property>
        <property name="connection.username">root</property>
        <property name="connection.password">gayathri@2001</property>
        <property name="show_sql">true</property>
       
        <mapping class="com.java.entity.RailwayStationEntity"></mapping>
        <mapping class="com.java.entity.PlatformEntity"></mapping>
                
	
    </session-factory>

</hibernate-configuration>